[
  {
    "ProfileName": "Bara Panjaitan",
    "Proxy": "Non Aktif",
    "Status": "Mengisi Email Aws"
  },
  {
    "ProfileName": "Jasmine Joko",
    "Proxy": "Non Aktif",
    "Status": "Chrome Telah Dibuka"
  },
  {
    "ProfileName": "Cinta Ardianto",
    "Proxy": "Non Aktif",
    "Status": "Mengecek Captcha"
  },
  {
    "ProfileName": " Nugraha",
    "Proxy": "Non Aktif",
    "Status": "Chrome Telah Dibuka"
  },
  {
    "ProfileName": "Dontol Nugraha",
    "Proxy": "Non Aktif",
    "Status": "Otp Phone Number"
  }
]